/*
 Navicat Premium Data Transfer

 Source Server         : sqlTest
 Source Server Type    : MySQL
 Source Server Version : 80032 (8.0.32)
 Source Host           : localhost:3306
 Source Schema         : killbug_question

 Target Server Type    : MySQL
 Target Server Version : 80032 (8.0.32)
 File Encoding         : 65001

 Date: 25/04/2023 03:07:08
*/

SET NAMES utf8mb4;
SET FOREIGN_KEY_CHECKS = 0;

-- ----------------------------
-- Table structure for comment
-- ----------------------------
DROP TABLE IF EXISTS `comment`;
CREATE TABLE `comment` (
  `id` bigint NOT NULL COMMENT '主键id',
  `question_id` bigint NOT NULL COMMENT '所属问题id',
  `content` mediumtext NOT NULL COMMENT '评论内容',
  `user_id` bigint NOT NULL COMMENT '评论人id',
  `like_count` int NOT NULL DEFAULT '0',
  `reply_count` int NOT NULL DEFAULT '0',
  `create_time` datetime NOT NULL DEFAULT CURRENT_TIMESTAMP,
  `update_time` datetime NOT NULL DEFAULT CURRENT_TIMESTAMP ON UPDATE CURRENT_TIMESTAMP,
  PRIMARY KEY (`id`)
) ENGINE=InnoDB DEFAULT CHARSET=utf8mb4 COLLATE=utf8mb4_0900_ai_ci;

-- ----------------------------
-- Records of comment
-- ----------------------------
BEGIN;
INSERT INTO `comment` (`id`, `question_id`, `content`, `user_id`, `like_count`, `reply_count`, `create_time`, `update_time`) VALUES (1650508759726641153, 1650505512710393858, 'Converting a string to a number in JavaScript\nBody: To convert a string to a number in JavaScript, you can use the parseInt or parseFloat functions. For example:\n\n`let myString = \"123\";\nlet myNumber = parseInt(myString);`\n\nThis will convert the string \"123\" to the number 123. If you need to convert a string with a decimal point, you can use parseFloat instead:\n\n`let myString = \"123.45\";\nlet myNumber = parseFloat(myString);`\n\nThis will convert the string \"123.45\" to the number 123.45. Hope this helps!', 3, 1, 2, '2023-04-24 22:35:28', '2023-04-24 22:36:20');
INSERT INTO `comment` (`id`, `question_id`, `content`, `user_id`, `like_count`, `reply_count`, `create_time`, `update_time`) VALUES (1650537077171638273, 1650536071335596034, 'Have you tried clearing the NuGet cache and re-installing the dependencies for the assembly? Sometimes that can help resolve these types of errors.', 1, 0, 3, '2023-04-25 00:27:59', '2023-04-25 00:29:15');
INSERT INTO `comment` (`id`, `question_id`, `content`, `user_id`, `like_count`, `reply_count`, `create_time`, `update_time`) VALUES (1650538208228626433, 1650534577462923265, 'Have you tried checking if the key already exists in the dictionary before adding it? You can use the ContainsKey method to check if the dictionary already contains the key.', 3, 0, 3, '2023-04-25 00:32:29', '2023-04-25 00:33:58');
INSERT INTO `comment` (`id`, `question_id`, `content`, `user_id`, `like_count`, `reply_count`, `create_time`, `update_time`) VALUES (1650538664334020609, 1650534577462923265, 'Another solution you could try is to use the TryGetValue method to retrieve the value for a given key. This method will return a boolean indicating whether the key was found in the dictionary, and it will also set the output parameter to the value associated with the key.', 3, 0, 1, '2023-04-25 00:34:18', '2023-04-25 00:34:44');
INSERT INTO `comment` (`id`, `question_id`, `content`, `user_id`, `like_count`, `reply_count`, `create_time`, `update_time`) VALUES (1650540041424687105, 1650533042775478274, 'Have you tried using the using statement with StreamReader? This ensures that the stream is disposed of properly after use and may help with your issue.', 5, 0, 1, '2023-04-25 00:39:46', '2023-04-25 00:41:36');
INSERT INTO `comment` (`id`, `question_id`, `content`, `user_id`, `like_count`, `reply_count`, `create_time`, `update_time`) VALUES (1650540600282140674, 1650533042775478274, 'I had a similar issue before and I found out that my anti-virus software was blocking access to the file. Try temporarily disabling your anti-virus and see if that helps.', 3, 0, 2, '2023-04-25 00:41:59', '2023-04-25 00:42:26');
INSERT INTO `comment` (`id`, `question_id`, `content`, `user_id`, `like_count`, `reply_count`, `create_time`, `update_time`) VALUES (1650545705299562498, 1650532774642012162, 'A NullReferenceException can be caused by a variety of reasons. In this case, it could be possible that the Name property is not being initialized properly. Another possibility is that the person object itself is null, even though it was instantiated. I would suggest using a debugger to step through the code and see exactly where the exception is being thrown.', 3, 0, 1, '2023-04-25 01:02:16', '2023-04-25 01:03:52');
INSERT INTO `comment` (`id`, `question_id`, `content`, `user_id`, `like_count`, `reply_count`, `create_time`, `update_time`) VALUES (1650545928751108097, 1650532774642012162, 'Another solution to prevent the NullReferenceException would be to check for null before accessing the Name property. For example:\n\n```\nPerson person = new Person();\nperson.Name = \"John\";\nstring name = person != null ? person.Name : \"Default\";\n```\n\nThis will check if the person object is null before attempting to access the Name property. If the object is null, it will return the default value \"Default\".\n\n\n\n\n', 5, 0, 0, '2023-04-25 01:03:10', '2023-04-25 01:03:10');
INSERT INTO `comment` (`id`, `question_id`, `content`, `user_id`, `like_count`, `reply_count`, `create_time`, `update_time`) VALUES (1650546457740922881, 1650532323913715714, ' I had a similar issue before, and it turned out that the CultureInfo for the DateTime object was set incorrectly. You may want to try specifying the CultureInfo explicitly, like this: myDate.ToString(\"MM/dd/yyyy hh:mm:ss\", CultureInfo.InvariantCulture).', 1, 0, 1, '2023-04-25 01:05:16', '2023-04-25 01:05:36');
INSERT INTO `comment` (`id`, `question_id`, `content`, `user_id`, `like_count`, `reply_count`, `create_time`, `update_time`) VALUES (1650573408291606530, 1650573119878680578, 'It looks like your implementation of the quick sort algorithm is correct, so the issue might be with the compareByName comparator. Have you checked to make sure that it is correctly comparing the names of the Person objects? Maybe there is a mistake in the implementation of the operator< for the string class.', 9, 1, 4, '2023-04-25 02:52:21', '2023-04-25 02:53:40');
INSERT INTO `comment` (`id`, `question_id`, `content`, `user_id`, `like_count`, `reply_count`, `create_time`, `update_time`) VALUES (1650573945212850177, 1650573119878680578, 'Man I am having the same problem!!! Did you figure it out?', 3, 0, 2, '2023-04-25 02:54:29', '2023-04-25 02:55:32');
COMMIT;

-- ----------------------------
-- Table structure for question
-- ----------------------------
DROP TABLE IF EXISTS `question`;
CREATE TABLE `question` (
  `id` bigint NOT NULL COMMENT '主键id',
  `title` varchar(255) NOT NULL COMMENT '问题标题',
  `content` longtext NOT NULL COMMENT '问题内容',
  `user_id` bigint NOT NULL COMMENT '发起人id',
  `like_count` int NOT NULL DEFAULT '0' COMMENT '点赞数',
  `comment_count` int NOT NULL DEFAULT '0' COMMENT '评论数',
  `create_time` datetime NOT NULL DEFAULT CURRENT_TIMESTAMP COMMENT '创建时间',
  `update_time` datetime NOT NULL ON UPDATE CURRENT_TIMESTAMP COMMENT '更新时间',
  PRIMARY KEY (`id`)
) ENGINE=InnoDB DEFAULT CHARSET=utf8mb4 COLLATE=utf8mb4_0900_ai_ci;

-- ----------------------------
-- Records of question
-- ----------------------------
BEGIN;
INSERT INTO `question` (`id`, `title`, `content`, `user_id`, `like_count`, `comment_count`, `create_time`, `update_time`) VALUES (1650505512710393858, 'How do I convert a string to a number in JavaScript?', '\n# Details of Question\nI have a string in JavaScript, and I need to convert it to a number so I can do some calculations with it. What\'s the best way to do this?\n# My Desired Results \nI want to make the code work. Thank you for your help.\n# The Solutions I Think\nDon\'t know. Open for suggestions.', 1, 1, 1, '2023-04-24 22:22:34', '2023-04-24 22:58:59');
INSERT INTO `question` (`id`, `title`, `content`, `user_id`, `like_count`, `comment_count`, `create_time`, `update_time`) VALUES (1650519691739615233, 'Website loading too slowly', '\n# Details of Question\nFor the past few days, I have noticed that the website is taking much longer than usual to load. It used to load quickly, but now it takes up to a minute or more for each page to load. I have tried accessing the website from different devices and networks, but the issue persists. Is there anything that can be done to speed up the website loading time?\n\n# My Desired Results \nI would like the website to load quickly as it used to, preferably within a few seconds.\n\n# The Solutions I Think\n- Clearing cache and cookies on my browser\n- Upgrading my internet speed\n- Checking with the website team if there are any server or backend issues causing the slow loading times', 3, 0, 0, '2023-04-24 23:18:54', '2023-04-24 23:18:54');
INSERT INTO `question` (`id`, `title`, `content`, `user_id`, `like_count`, `comment_count`, `create_time`, `update_time`) VALUES (1650519996015398913, 'CSS not applying to all pages', '\n# Details of Question\nI am having trouble getting my CSS styles to apply to all pages on my website. I have created a separate CSS file and linked it to my HTML pages, but some of the styles are not being applied. Specifically, I am having trouble with the font sizes and colors. The styles seem to be working on some pages, but not on others. I have checked my code and everything seems to be correct. Can you help me figure out what the issue might be?\n\n# My Desired Results \nI would like all of the CSS styles to be applied consistently across all pages on my website. Specifically, I want the font sizes and colors to be consistent.\n\n# The Solutions I Think\n- Maybe there is an issue with the way I am linking the CSS file to my HTML pages.\n- Perhaps there is some conflicting CSS code on the pages where the styles are not being applied.\n- Maybe there is an issue with my browser cache.', 3, 0, 0, '2023-04-24 23:20:07', '2023-04-24 23:20:07');
INSERT INTO `question` (`id`, `title`, `content`, `user_id`, `like_count`, `comment_count`, `create_time`, `update_time`) VALUES (1650520202144468993, 'Error when uploading file', '\n# Details of Question\nI\'m trying to upload a file on the website, but I keep getting an error message that says \"Upload failed. Please try again later.\" I\'ve tried multiple files, and the error message is the same. What could be causing this issue?\n\n# My Desired Results \nI want to be able to upload files without encountering any errors. I need to upload these files for work, so it\'s crucial that this issue gets resolved as soon as possible.\n\n# The Solutions I Think\n- Clearing my browser cache and cookies\n- Trying a different browser\n- Checking my internet connection\n- Contacting the website support team for assistance', 3, 0, 0, '2023-04-24 23:20:56', '2023-04-24 23:20:56');
INSERT INTO `question` (`id`, `title`, `content`, `user_id`, `like_count`, `comment_count`, `create_time`, `update_time`) VALUES (1650520480415567873, 'Error when uploading file', '\n# Details of Question\nI am trying to upload a file on the website, but I keep getting an error message that says \"file upload failed\". The file is a PDF and is within the size limit allowed by the website. I have tried multiple times with different files and the same error keeps occurring. What could be causing this issue?\n\n# My Desired Results \nI want to be able to upload the file successfully without encountering any errors. This is important as the file contains important information that needs to be shared with other users on the website.\n\n# The Solutions I Think\n- Check if there are any server or network issues causing the error\n- Verify that the file type and size are within the allowed limits\n- Clear the cache and cookies of the browser and try again\n- Try uploading the file on a different browser or device to see if the issue persists', 3, 0, 0, '2023-04-24 23:22:02', '2023-04-24 23:22:02');
INSERT INTO `question` (`id`, `title`, `content`, `user_id`, `like_count`, `comment_count`, `create_time`, `update_time`) VALUES (1650520635067944961, 'Login page not working', '\n# Details of Question\nI am having trouble logging into my account on the website. When I enter my username and password, the page just refreshes and I am not logged in. I have tried this on multiple devices and browsers, and the issue persists.\n\n# My Desired Results \nI need to be able to access my account on the website. Please help me troubleshoot this issue and fix it as soon as possible.\n\n# The Solutions I Think\nI have cleared my browser cache and cookies, and I have also tried resetting my password. Neither of these solutions have worked. I think there might be a problem with the website\'s authentication system.\n\n\n', 3, 0, 0, '2023-04-24 23:22:39', '2023-04-24 23:22:39');
INSERT INTO `question` (`id`, `title`, `content`, `user_id`, `like_count`, `comment_count`, `create_time`, `update_time`) VALUES (1650521020553842689, 'Issue with payment processing', '\n# Details of Question\nI am trying to make a payment on the website, but I keep getting an error message saying that the payment cannot be processed at this time. I have tried using different payment methods, but the issue persists. I have also checked with my bank and there are no issues on their end. What could be causing this problem?\n\n# My Desired Results \nI want to be able to complete the payment process successfully without any error messages. It\'s urgent that I make this payment today.\n\n# The Solutions I Think\n- Maybe there is a problem with the payment gateway on the website.\n- Perhaps there is an issue with my account on the website.\n- It could be a problem with the server or network connection.', 1, 0, 0, '2023-04-24 23:24:11', '2023-04-24 23:24:11');
INSERT INTO `question` (`id`, `title`, `content`, `user_id`, `like_count`, `comment_count`, `create_time`, `update_time`) VALUES (1650521317942579201, 'Login page not working', '\n# Details of Question\nI\'m having trouble logging in to my account on the website. I\'m using the correct username and password, but when I hit the login button, the page just refreshes and nothing happens. This issue is occurring consistently across different browsers and devices, and I\'ve tried clearing my cache and cookies to no avail.\n\n# My Desired Results \nI need to be able to log in to my account as soon as possible. It\'s urgent that I\'m able to access my account in order to complete some important tasks.\n\n# The Solutions I Think\nI\'m not sure what could be causing the issue, but I suspect it might be related to a recent update on the website. Perhaps the login functionality was affected by the update. I think the website team should investigate this possibility and try to fix the issue as soon as possible.\n\n\n', 1, 0, 0, '2023-04-24 23:25:22', '2023-04-24 23:25:22');
INSERT INTO `question` (`id`, `title`, `content`, `user_id`, `like_count`, `comment_count`, `create_time`, `update_time`) VALUES (1650521597442609153, 'Issue with uploading images', '\n# Details of Question\nI am having trouble uploading images to my account on the website. Every time I try to upload an image, I receive an error message saying \"Upload failed\". I have tried uploading images of different sizes and formats, but the issue persists. What could be causing this problem?\n\n# My Desired Results \nI would like to be able to upload images to my account without any errors, as this is an important feature of the website for me. It would be helpful to receive some guidance on how to resolve this issue.\n\n# The Solutions I Think\nI have tried clearing my browser cache and cookies, but this did not solve the problem. I also checked my internet connection and it seems to be working fine. I think there might be a bug on the website causing this issue, but I am not sure how to fix it.\n\n\n', 1, 0, 0, '2023-04-24 23:26:29', '2023-04-24 23:26:29');
INSERT INTO `question` (`id`, `title`, `content`, `user_id`, `like_count`, `comment_count`, `create_time`, `update_time`) VALUES (1650521891710783490, 'Issue with website navigation', '\n# Details of Question\nI am having trouble navigating the website. When I click on certain links, they either do not load or take a long time to load. I have tried this on multiple devices and browsers, and the issue persists. What could be causing this issue?\n\n# My Desired Results \nI want to be able to navigate the website easily and quickly without any delays or errors. I want to be able to access all the pages and links without any issues.\n\n# The Solutions I Think\n- The website may have too much content on each page, causing slow loading times.\n- There may be broken links or coding errors that need to be fixed.\n- The website may not be optimized for certain browsers or devices.', 1, 0, 0, '2023-04-24 23:27:39', '2023-04-24 23:27:39');
INSERT INTO `question` (`id`, `title`, `content`, `user_id`, `like_count`, `comment_count`, `create_time`, `update_time`) VALUES (1650525319254069250, 'NullPointerException when accessing ArrayList in Java', '\n# Details of Question\nI have an ArrayList in my Java program, and I am getting a `NullPointerException` when trying to access it. The ArrayList is definitely initialized, so I\'m not sure what the problem is. Here is the code where the error is occurring:\n\n\n````\nArrayList myList = new ArrayList();\nmyList.add(\"item1\");\nmyList.add(\"item2\");\n\nfor (String item : myList) {\nif (item.equals(\"item3\")) {\n// do something\n}\n}\n````\nThe error occurs on the line with the `if` statement. What could be causing this error, and how can I fix it?\n\n# My Desired Results \nI would like to be able to access the elements in the ArrayList without getting a `NullPointerException`. \n\n# The Solutions I Think\n- Check if the ArrayList is null before accessing it using the `!= null` condition\n- Check if the ArrayList contains the desired element using the `contains()` method before trying to access it in the loop.', 2, 0, 0, '2023-04-24 23:41:16', '2023-04-24 23:41:16');
INSERT INTO `question` (`id`, `title`, `content`, `user_id`, `like_count`, `comment_count`, `create_time`, `update_time`) VALUES (1650526854184783873, 'Issue with null pointer exception in Java code', '\n# Details of Question\nI am currently working on a Java project, and I am getting a null pointer exception when I run the code. I have tried debugging and analyzing the code, but I can\'t seem to figure out what\'s causing the issue. The error message points to a specific line in my code, but I don\'t see anything wrong with it. How can I fix this null pointer exception?\n\n# My Desired Results \nI want to be able to run my Java code without getting a null pointer exception.\n\n# The Solutions I Think\n- Check if the object being accessed is null before accessing its properties or methods.\n- Use defensive programming techniques to handle null values and prevent null pointer exceptions.\n- Use a debugger tool to step through the code and identify the source of the null pointer exception.\n- Check if there are any missing dependencies or external factors that could be causing the issue.', 2, 0, 0, '2023-04-24 23:47:22', '2023-04-24 23:47:22');
INSERT INTO `question` (`id`, `title`, `content`, `user_id`, `like_count`, `comment_count`, `create_time`, `update_time`) VALUES (1650527165242757122, 'JVM crashing when running program', '\n# Details of Question\nI am trying to run a Java program on the JVM, but every time I try to execute it, the JVM crashes. I have tried running it on different machines and with different versions of the JVM, but the issue persists. The error message I receive is \"Java Virtual Machine has stopped working\".\n\n# My Desired Results \nI want to be able to run my Java program on the JVM without the JVM crashing. I need to test this program and cannot move forward with my work until this issue is resolved.\n\n# The Solutions I Think\n- Check for any updates to the JVM and make sure I am using the latest version\n- Check for any compatibility issues between my program and the JVM version\n- Check the system requirements and make sure my machine meets them\n- Increase the memory allocation for the JVM\n- Use a different JVM implementation (such as OpenJDK) to see if the issue persists', 2, 0, 0, '2023-04-24 23:48:36', '2023-04-24 23:48:36');
INSERT INTO `question` (`id`, `title`, `content`, `user_id`, `like_count`, `comment_count`, `create_time`, `update_time`) VALUES (1650527356574322689, 'How to fix \"java.lang.OutOfMemoryError: Java heap space\" error in JVM?', '\n# Details of Question\nI am running a Java program on the JVM, and I keep getting the \"java.lang.OutOfMemoryError: Java heap space\" error. I have tried increasing the heap size using the `-Xmx` flag, but it doesn\'t seem to be working. How can I fix this error?\n\n# My Desired Results \nI want my program to run without encountering the \"java.lang.OutOfMemoryError: Java heap space\" error.\n\n# The Solutions I Think\n- Increase the heap size even more by specifying a higher value for the `-Xmx` flag.\n- Check if there are any memory leaks in the program, and fix them if necessary.\n- Use a profiler tool to analyze memory usage and optimize the program\'s memory usage.\n- Consider using a different garbage collector, such as G1 or ZGC, which may be more efficient in managing memory.', 2, 0, 0, '2023-04-24 23:49:22', '2023-04-24 23:49:22');
INSERT INTO `question` (`id`, `title`, `content`, `user_id`, `like_count`, `comment_count`, `create_time`, `update_time`) VALUES (1650528194231357442, 'JVM Heap Space Error', '\n# Details of Question\nI am running a Java application on a server, and I keep getting a `java.lang.OutOfMemoryError: Java heap space` error. This happens when the application is running for a long time, and it seems like the heap space is filling up and not being cleared properly. I have tried increasing the heap space using the `-Xmx` parameter, but the error still occurs. \n\nWhat could be causing this issue, and how can I fix it?\n\n# My Desired Results \nI would like the application to run without encountering the `java.lang.OutOfMemoryError: Java heap space` error. I want to make sure that the heap space is being properly managed and that the application is not crashing due to memory issues.\n\n# The Solutions I Think\nHere are some potential solutions that I have considered:\n\n- Use a memory profiler tool to identify memory leaks and optimize memory usage in the application code\n- Increase the heap space even further and monitor the application to see if the error still occurs\n- Use a garbage collector tuning tool to optimize garbage collection and prevent memory leaks\n- Split the application into smaller, more manageable components to reduce memory usage\n\nI\'m open to other suggestions or solutions as well.', 2, 0, 0, '2023-04-24 23:52:41', '2023-04-24 23:52:41');
INSERT INTO `question` (`id`, `title`, `content`, `user_id`, `like_count`, `comment_count`, `create_time`, `update_time`) VALUES (1650528775842910209, 'How to troubleshoot a JVM crash?', '\n# Details of Question\nMy application running on JVM has crashed unexpectedly. I am seeing the following error message in the logs: \"Error: Could not create the Java Virtual Machine\". I am not sure what has caused the crash, and I am not sure how to troubleshoot it. Can someone please guide me on how to investigate the cause of the JVM crash and how to fix it?\n\n# My Desired Results \nI want to be able to identify the root cause of the JVM crash and resolve it so that my application can run without any issues.\n\n# The Solutions I Think\n- Check for any memory leaks in the application.\n- Increase the heap size of the JVM.\n- Check if there are any conflicting dependencies or libraries that may be causing the crash.\n- Check if there are any issues with the hardware or infrastructure where the JVM is running.\n- Check if there are any issues with the JVM installation or configuration.', 2, 0, 0, '2023-04-24 23:55:00', '2023-04-24 23:55:00');
INSERT INTO `question` (`id`, `title`, `content`, `user_id`, `like_count`, `comment_count`, `create_time`, `update_time`) VALUES (1650531512580132866, 'Error \"CS0120: An object reference is required for the non-static field\" in C#', '\n# Details of Question\nI am working on a C# project, and I keep getting the error \"CS0120: An object reference is required for the non-static field\" when I try to compile my code. I don\'t understand why this error is occurring or how to fix it. Can someone please help me understand what is causing this error and how to resolve it?\n\n# My Desired Results \nI would like to be able to compile my C# code without receiving the error \"CS0120: An object reference is required for the non-static field.\"\n\n# The Solutions I Think\n1. I could try to make the field static to avoid the error.\n2. I could ensure that I have initialized the object before calling the non-static field.\n3. I could try using the `this` keyword to refer to the current instance of the object.', 4, 0, 0, '2023-04-25 00:05:53', '2023-04-25 00:05:53');
INSERT INTO `question` (`id`, `title`, `content`, `user_id`, `like_count`, `comment_count`, `create_time`, `update_time`) VALUES (1650532323913715714, 'C# DateTime Format Exception', '\n# Details of Question\nI am trying to format a DateTime object in C# using the following code:\n\n`DateTime myDate = DateTime.Now;\nstring formattedDate = myDate.ToString(\"MM/dd/yyyy hh:mm:ss\");`\n\nHowever, I am getting a FormatException with the message \"The format of the input string is invalid.\" I have tried changing the format string, but the error persists. What could be causing this issue?\n# My Desired Results \nI would like to be able to format the DateTime object correctly without encountering any exceptions.\n# The Solutions I Think\n- Check the format string for any errors or typos\n- Make sure the input DateTime object is not null\n- Try using a different format string, such as \"M/d/yyyy h:mm:ss tt\"\n- Convert the DateTime object to a string using a different method, such as ToString(\"g\") or ToString(\"f\")', 4, 0, 1, '2023-04-25 00:09:06', '2023-04-25 01:05:15');
INSERT INTO `question` (`id`, `title`, `content`, `user_id`, `like_count`, `comment_count`, `create_time`, `update_time`) VALUES (1650532774642012162, 'Null Reference Exception when accessing object property', '\n# Details of Question\nI have a C# class `Person` with a property `Name`, which is a string. When I try to access the `Name` property of a `Person` object, I am getting a `NullReferenceException` even though the object is not null. Here\'s some example code:\n\n```\nPerson person = new Person();\nperson.Name = \"John\";\nstring name = person.Name; // throws NullReferenceException\n```\n# My Desired Results \nI would like to be able to access the Name property of my Person objects without getting a NullReferenceException.\n# The Solutions I Think\n- Check that the Name property is actually being set to a non-null value when the Person object is created or modified.\n- Use a null-coalescing operator to return a default value if the Name property is null:', 4, 0, 2, '2023-04-25 00:10:54', '2023-04-25 01:03:09');
INSERT INTO `question` (`id`, `title`, `content`, `user_id`, `like_count`, `comment_count`, `create_time`, `update_time`) VALUES (1650533042775478274, 'Issue with reading file in C#', '\n# Details of Question\nI am trying to read a text file in C# using the `StreamReader` class. However, I am getting an error that says \"The process cannot access the file because it is being used by another process.\" I have checked that the file is not being used by any other program. What could be causing this issue?\n\n# My Desired Results \nI want to be able to read the contents of the text file using the `StreamReader` class without getting any errors.\n\n# The Solutions I Think\n- Check if the file path is correct.\n- Make sure that the file is not being used by any other program.\n- Try using the `File.Open()` method to open the file instead of `StreamReader`.\n- Use a `try-catch` block to handle any exceptions that may be thrown when reading the file. ', 4, 0, 2, '2023-04-25 00:11:57', '2023-04-25 00:41:59');
INSERT INTO `question` (`id`, `title`, `content`, `user_id`, `like_count`, `comment_count`, `create_time`, `update_time`) VALUES (1650534577462923265, ' Issue with C# dictionary', '\n# Details of Question\nI am having an issue with a C# dictionary. I am trying to add a new key-value pair to the dictionary, but it is not being added properly. Here is the code I am using:\n```csharp\nDictionary myDictionary = new Dictionary();\nmyDictionary.Add(1, \"One\");\nmyDictionary.Add(2, \"Two\");\nmyDictionary.Add(3, \"Three\");\n\n// Attempting to add new key-value pair\nint newKey = 4;\nstring newValue = \"Four\";\nmyDictionary[newKey] = newValue;\n```\nWhen I try to access the new key-value pair using myDictionary[newKey], it is not returning the correct value. What could be causing this issue?\n# My Desired Results \nI would like to be able to add new key-value pairs to my dictionary and retrieve the correct value for each key.\n\n\n# The Solutions I Think\n- Check that the key I am adding is not already in the dictionary\n- Try using the TryGetValue method instead of accessing the value directly with myDictionary[newKey]\n- Make sure that the dictionary is not being modified elsewhere in the code', 5, 1, 2, '2023-04-25 00:18:03', '2023-04-25 00:35:03');
INSERT INTO `question` (`id`, `title`, `content`, `user_id`, `like_count`, `comment_count`, `create_time`, `update_time`) VALUES (1650536071335596034, 'System.IO.FileNotFoundException: Could not load file or assembly \'SomeAssembly, Version=1.0.0.0, Culture=neutral, PublicKeyToken=null\' or one of its dependencies. The system cannot find the file specified.', '\n# Details of Question\nI am getting the following error message when trying to run my C# application:\n```\nSystem.IO.FileNotFoundException: Could not load file or assembly \'SomeAssembly, Version=1.0.0.0, Culture=neutral, PublicKeyToken=null\' or one of its dependencies. The system cannot find the file specified.\n```\nI have checked the file path and made sure that the assembly is installed in the correct location. What could be causing this error?\n\n# My Desired Results \nI want to be able to run my C# application without encountering this error message.\n\n# The Solutions I Think\n- Check that the assembly is installed in the correct location and that the file path is correct.\n- Check that the correct version of the assembly is being referenced in the application.\n- Check that all dependencies for the assembly are installed and up-to-date.', 5, 1, 1, '2023-04-25 00:24:00', '2023-04-25 00:31:32');
INSERT INTO `question` (`id`, `title`, `content`, `user_id`, `like_count`, `comment_count`, `create_time`, `update_time`) VALUES (1650573119878680578, 'Quick sort algorithm not working with custom comparator', '\n# Details of Question\nI am implementing the quick sort algorithm in C++ and am trying to sort an array of custom objects using a custom comparator. However, the algorithm does not seem to be working properly - the resulting array is not sorted correctly. Here\'s the code I\'m using:\n\n```cpp\nstruct Person {\n  string name;\n  int age;\n};\n\nbool compareByName(const Person& a, const Person& b) {\n  return a.name < b.name;\n}\n\nvoid quickSort(vector& arr, int low, int high) {\n  if (low < high) {\n    int pivot = partition(arr, low, high, compareByName);\n    quickSort(arr, low, pivot - 1);\n    quickSort(arr, pivot + 1, high);\n  }\n}\n\nint partition(vector& arr, int low, int high, bool (*cmp)(const Person&, const Person&)) {\n  Person pivot = arr[high];\n  int i = low - 1;\n  for (int j = low; j <= high - 1; j++) {\n    if (cmp(arr[j], pivot)) {\n      i++;\n      swap(arr[i], arr[j]);\n    }\n  }\n  swap(arr[i + 1], arr[high]);\n  return i + 1;\n}\n```\nWhen I call the quickSort function with an array of Person objects and the compareByName comparator, the resulting array is not sorted by name as expected. However, if I use the default less-than comparator (std::less) in the partition function instead of the custom comparator, the sorting works as expected.\n# My Desired Results \nI would like to be able to sort the array of Person objects using the compareByName comparator with the quick sort algorithm.\n# The Solutions I Think\n- Double-check the implementation of the compareByName comparator to ensure it is working correctly.\n- Check the partitioning logic in the partition function to ensure it is correctly using the custom comparator.\n- Consider implementing the quick sort algorithm using the STL sort function with a custom comparator instead.', 8, 1, 2, '2023-04-25 02:51:13', '2023-04-25 02:55:52');
COMMIT;

-- ----------------------------
-- Table structure for reply
-- ----------------------------
DROP TABLE IF EXISTS `reply`;
CREATE TABLE `reply` (
  `id` bigint NOT NULL COMMENT '主键id',
  `comment_id` bigint NOT NULL COMMENT '所属评论id',
  `reply_id` bigint NOT NULL COMMENT '被回复的id，如果回复对象是父评论，则与comment_id相同',
  `reply_type` tinyint NOT NULL COMMENT '0:针对父评论 1:针对回复',
  `content` mediumtext NOT NULL COMMENT '回复内容',
  `like_count` int NOT NULL DEFAULT '0',
  `from_user_id` bigint NOT NULL COMMENT '发起回复用户id',
  `to_user_id` bigint NOT NULL DEFAULT '0' COMMENT '被回复用户id，如果回复对象是父评论对应用户ID，则填0',
  `create_time` datetime NOT NULL DEFAULT CURRENT_TIMESTAMP,
  `update_time` datetime NOT NULL DEFAULT CURRENT_TIMESTAMP ON UPDATE CURRENT_TIMESTAMP,
  PRIMARY KEY (`id`)
) ENGINE=InnoDB DEFAULT CHARSET=utf8mb4 COLLATE=utf8mb4_0900_ai_ci;

-- ----------------------------
-- Records of reply
-- ----------------------------
BEGIN;
INSERT INTO `reply` (`id`, `comment_id`, `reply_id`, `reply_type`, `content`, `like_count`, `from_user_id`, `to_user_id`, `create_time`, `update_time`) VALUES (1650508929705005057, 1650508759726641153, 1650508759726641153, 0, 'Thank you, man! You are the best!', 0, 1, 3, '2023-04-24 22:36:08', '2023-04-24 22:36:08');
INSERT INTO `reply` (`id`, `comment_id`, `reply_id`, `reply_type`, `content`, `like_count`, `from_user_id`, `to_user_id`, `create_time`, `update_time`) VALUES (1650508980070207490, 1650508759726641153, 1650508929705005057, 1, 'Sure!', 0, 3, 1, '2023-04-24 22:36:20', '2023-04-24 22:36:20');
INSERT INTO `reply` (`id`, `comment_id`, `reply_id`, `reply_type`, `content`, `like_count`, `from_user_id`, `to_user_id`, `create_time`, `update_time`) VALUES (1650537144381165569, 1650537077171638273, 1650537077171638273, 0, 'Thanks for the suggestion, user1. I will try clearing the NuGet cache and re-installing the dependencies to see if that helps resolve the issue.', 0, 5, 1, '2023-04-25 00:28:15', '2023-04-25 00:28:15');
INSERT INTO `reply` (`id`, `comment_id`, `reply_id`, `reply_type`, `content`, `like_count`, `from_user_id`, `to_user_id`, `create_time`, `update_time`) VALUES (1650537310790176769, 1650537077171638273, 1650537144381165569, 1, 'I had a similar issue recently, and it turned out that the assembly was being blocked by Windows. You can try unblocking it by right-clicking on the assembly file, selecting Properties.', 0, 5, 5, '2023-04-25 00:28:55', '2023-04-25 00:28:55');
INSERT INTO `reply` (`id`, `comment_id`, `reply_id`, `reply_type`, `content`, `like_count`, `from_user_id`, `to_user_id`, `create_time`, `update_time`) VALUES (1650537395506728962, 1650537077171638273, 1650537310790176769, 1, 'Thanks for the tip, user2. I will try unblocking the assembly file and see if that helps resolve the issue.', 0, 1, 5, '2023-04-25 00:29:15', '2023-04-25 00:29:15');
INSERT INTO `reply` (`id`, `comment_id`, `reply_id`, `reply_type`, `content`, `like_count`, `from_user_id`, `to_user_id`, `create_time`, `update_time`) VALUES (1650538297600856065, 1650538208228626433, 1650538208228626433, 0, ' Thanks for the suggestion, JaneDoe! I just tried using the ContainsKey method and it turns out the key I was trying to add already existed in the dictionary. That was causing the issue.', 0, 3, 3, '2023-04-25 00:32:50', '2023-04-25 00:32:50');
INSERT INTO `reply` (`id`, `comment_id`, `reply_id`, `reply_type`, `content`, `like_count`, `from_user_id`, `to_user_id`, `create_time`, `update_time`) VALUES (1650538384628469761, 1650538208228626433, 1650538208228626433, 0, ' Thanks for the suggestion, JaneDoe! I just tried using the ContainsKey method and it turns out the key I was trying to add already existed in the dictionary. That was causing the issue.', 0, 3, 3, '2023-04-25 00:33:11', '2023-04-25 00:33:11');
INSERT INTO `reply` (`id`, `comment_id`, `reply_id`, `reply_type`, `content`, `like_count`, `from_user_id`, `to_user_id`, `create_time`, `update_time`) VALUES (1650538583966961665, 1650538208228626433, 1650538384628469761, 1, 'Thanks for the suggestion, JohnSmith! I just tried using the TryGetValue method and it worked perfectly. It was able to retrieve the correct value for the key, even though I was having issues accessin', 0, 5, 3, '2023-04-25 00:33:59', '2023-04-25 00:33:59');
INSERT INTO `reply` (`id`, `comment_id`, `reply_id`, `reply_type`, `content`, `like_count`, `from_user_id`, `to_user_id`, `create_time`, `update_time`) VALUES (1650538776477126657, 1650538664334020609, 1650538664334020609, 0, 'Thanks for the suggestion, JaneDoe! I just tried using the ContainsKey method and it turns out the key I was trying to add already existed in the dictionary. That was causing the issue.', 0, 5, 3, '2023-04-25 00:34:44', '2023-04-25 00:34:44');
INSERT INTO `reply` (`id`, `comment_id`, `reply_id`, `reply_type`, `content`, `like_count`, `from_user_id`, `to_user_id`, `create_time`, `update_time`) VALUES (1650540502731018241, 1650540041424687105, 1650540041424687105, 0, 'Thank you for the suggestion, john_doe. I tried using the using statement with StreamReader, but unfortunately, it did not resolve the issue.\n\n', 0, 3, 5, '2023-04-25 00:41:36', '2023-04-25 00:41:36');
INSERT INTO `reply` (`id`, `comment_id`, `reply_id`, `reply_type`, `content`, `like_count`, `from_user_id`, `to_user_id`, `create_time`, `update_time`) VALUES (1650540658876567553, 1650540600282140674, 1650540600282140674, 0, 'Thank you for the suggestion, mary_smith. I tried disabling my anti-virus temporarily, but unfortunately, it did not resolve the issue.', 0, 5, 3, '2023-04-25 00:42:13', '2023-04-25 00:42:13');
INSERT INTO `reply` (`id`, `comment_id`, `reply_id`, `reply_type`, `content`, `like_count`, `from_user_id`, `to_user_id`, `create_time`, `update_time`) VALUES (1650540714040053761, 1650540600282140674, 1650540658876567553, 1, 'Thank you for the suggestion, tech_guru. Running my application as an administrator did resolve the issue. Thank you for your help!', 0, 3, 5, '2023-04-25 00:42:26', '2023-04-25 00:42:26');
INSERT INTO `reply` (`id`, `comment_id`, `reply_id`, `reply_type`, `content`, `like_count`, `from_user_id`, `to_user_id`, `create_time`, `update_time`) VALUES (1650546107575259138, 1650545705299562498, 1650545705299562498, 0, 'Thanks for the suggestion, jdoe. I just double-checked my code and the Person object is definitely being assigned to the person variable.', 0, 5, 3, '2023-04-25 01:03:52', '2023-04-25 01:03:52');
INSERT INTO `reply` (`id`, `comment_id`, `reply_id`, `reply_type`, `content`, `like_count`, `from_user_id`, `to_user_id`, `create_time`, `update_time`) VALUES (1650546544462352385, 1650546457740922881, 1650546457740922881, 0, 'Thank you for the suggestion! I tried specifying the CultureInfo explicitly, but unfortunately, I still encountered the same FormatException.', 0, 3, 1, '2023-04-25 01:05:37', '2023-04-25 01:05:37');
INSERT INTO `reply` (`id`, `comment_id`, `reply_id`, `reply_type`, `content`, `like_count`, `from_user_id`, `to_user_id`, `create_time`, `update_time`) VALUES (1650573491330437121, 1650573408291606530, 1650573408291606530, 0, 'Thanks for your reply, John. I have checked the implementation of the compareByName comparator and I believe it is correct. I also tested it with a simple array of strings and it worked as expected. T', 0, 8, 9, '2023-04-25 02:52:41', '2023-04-25 02:52:41');
INSERT INTO `reply` (`id`, `comment_id`, `reply_id`, `reply_type`, `content`, `like_count`, `from_user_id`, `to_user_id`, `create_time`, `update_time`) VALUES (1650573559022309377, 1650573408291606530, 1650573491330437121, 1, 'Ah, I see. In that case, you should double-check the partitioning logic in the partition function. Make sure that the if (cmp(arr[j], pivot)) condition is correctly using the compareByName comparator ', 0, 9, 8, '2023-04-25 02:52:57', '2023-04-25 02:52:57');
INSERT INTO `reply` (`id`, `comment_id`, `reply_id`, `reply_type`, `content`, `like_count`, `from_user_id`, `to_user_id`, `create_time`, `update_time`) VALUES (1650573661774368770, 1650573408291606530, 1650573559022309377, 1, 'Thanks, John. You were right - there was a mistake in the partitioning logic. I was passing the compareByName comparator to the partition function, but not correctly using it in the if (cmp(arr[j], pi', 0, 8, 9, '2023-04-25 02:53:22', '2023-04-25 02:53:22');
INSERT INTO `reply` (`id`, `comment_id`, `reply_id`, `reply_type`, `content`, `like_count`, `from_user_id`, `to_user_id`, `create_time`, `update_time`) VALUES (1650573740442734594, 1650573408291606530, 1650573661774368770, 1, 'Glad to hear that the issue has been resolved, Otsuka. It\'s always a good idea to double-check your implementation and make sure that your custom comparators are correctly implemented. Good luck with ', 0, 9, 8, '2023-04-25 02:53:41', '2023-04-25 02:53:41');
INSERT INTO `reply` (`id`, `comment_id`, `reply_id`, `reply_type`, `content`, `like_count`, `from_user_id`, `to_user_id`, `create_time`, `update_time`) VALUES (1650574089278803970, 1650573945212850177, 1650573945212850177, 0, 'Yes, Arimura Aoshi explained it in very good detail. You should check it out.', 0, 8, 3, '2023-04-25 02:55:04', '2023-04-25 02:55:04');
INSERT INTO `reply` (`id`, `comment_id`, `reply_id`, `reply_type`, `content`, `like_count`, `from_user_id`, `to_user_id`, `create_time`, `update_time`) VALUES (1650574209567248386, 1650573945212850177, 1650574089278803970, 1, 'Thank you! Love from Texas!', 0, 3, 8, '2023-04-25 02:55:32', '2023-04-25 02:55:32');
COMMIT;

-- ----------------------------
-- Table structure for thumbup
-- ----------------------------
DROP TABLE IF EXISTS `thumbup`;
CREATE TABLE `thumbup` (
  `id` bigint NOT NULL COMMENT '主键ID',
  `liked_id` bigint NOT NULL COMMENT '被点赞的ID',
  `user_id` bigint NOT NULL COMMENT '点赞用户ID',
  `type` tinyint(1) NOT NULL COMMENT '0:问题 1:评论 2:回复',
  `create_time` datetime NOT NULL DEFAULT CURRENT_TIMESTAMP COMMENT '创建时间',
  `update_time` datetime NOT NULL DEFAULT CURRENT_TIMESTAMP ON UPDATE CURRENT_TIMESTAMP COMMENT '更新时间',
  PRIMARY KEY (`id`)
) ENGINE=InnoDB DEFAULT CHARSET=utf8mb4 COLLATE=utf8mb4_0900_ai_ci;

-- ----------------------------
-- Records of thumbup
-- ----------------------------
BEGIN;
INSERT INTO `thumbup` (`id`, `liked_id`, `user_id`, `type`, `create_time`, `update_time`) VALUES (1650508808430899202, 1650508759726641153, 1, 1, '2023-04-24 22:35:40', '2023-04-24 22:35:40');
INSERT INTO `thumbup` (`id`, `liked_id`, `user_id`, `type`, `create_time`, `update_time`) VALUES (1650514680045457409, 1650505512710393858, 1, 0, '2023-04-24 22:58:59', '2023-04-24 22:58:59');
INSERT INTO `thumbup` (`id`, `liked_id`, `user_id`, `type`, `create_time`, `update_time`) VALUES (1650537972923977729, 1650536071335596034, 3, 0, '2023-04-25 00:31:33', '2023-04-25 00:31:33');
INSERT INTO `thumbup` (`id`, `liked_id`, `user_id`, `type`, `create_time`, `update_time`) VALUES (1650538857003569153, 1650534577462923265, 5, 0, '2023-04-25 00:35:04', '2023-04-25 00:35:04');
INSERT INTO `thumbup` (`id`, `liked_id`, `user_id`, `type`, `create_time`, `update_time`) VALUES (1650573414704697346, 1650573408291606530, 9, 1, '2023-04-25 02:52:23', '2023-04-25 02:52:23');
INSERT INTO `thumbup` (`id`, `liked_id`, `user_id`, `type`, `create_time`, `update_time`) VALUES (1650574292597690369, 1650573119878680578, 8, 0, '2023-04-25 02:55:52', '2023-04-25 02:55:52');
COMMIT;

SET FOREIGN_KEY_CHECKS = 1;
